{
	"min_api_level": "8",
	"dependencies":
	{
		"accelerometer":[],
		"analytics":[],
		"android":[],
		"app":[],
		"calendar":["android"],
		"contacts":[],
		"database":[],
		"facebook":[],
		"filesystem":[],
		"gesture":["ui"],
		"geolocation":[],
		"locale":[],
		"map":[],
		"media":["filesystem"],
		"network":["xml"],
		"platform":[],
		"ui":["filesystem","media"],
		"utils":[],
		"xml":[]
	},
	"required": ["analytics","android","app","ui","locale"],
	"libraries": 
	{
		"android":["jaxen-1.1.1.jar","ti-commons-codec-1.3.jar","kroll-common.jar","titanium.jar"],
		"xml":["jaxen-1.1.1.jar"],
		"ui":["android-support-v4.jar"],
		"network":["thirdparty.jar"]
	},
	"runtimes":
	{
		"v8":["kroll-v8.jar"],
		"rhino":["kroll-rhino.jar","js.jar"],
		"defaultRuntime":"v8"
	}
}
